id;name;address;post_code;city;url
1;mobile Fish;Home Loan Account Table Computer;48361;Mactown;http://waino.net
2;Implementation Electronics Officer;methodology Albania;02563;North Elainashire;http://darlene.info
3;bluetooth;syndicate;54086-6140;Port Trystanshire;https://raheem.info
4;Music;Nakfa;61648;East Sylviabury;http://chloe.name
5;hardware Costa Rica Mayotte;Industrial;74938-9579;North Keyon;http://jovan.com
6;software scale interactive;Louisiana Specialist Home Loan Account;12810;Port Henrimouth;http://cloyd.biz
7;Jewelery;monitor;77609-3619;Stantonstad;http://eryn.com
8;envisioneer;moratorium pixel withdrawal;54319-7877;Darwinmouth;http://jeremie.com
9;system Small;Intelligent Outdoors;43556-9126;South Nicolas;http://danyka.org
10;Money Market Account;Salad Web virtual;18482-1488;Ephraimfort;http://sonya.info
